MAIN_id,RA,DEC,SP_TYPE,U,A_U,B,A_B,V,A_V,R,A_R,I,A_I,J,A_J,H,A_H,K,2MASS_FLAG,A_K,W1,A_W1,W2,A_W2,F9,F9_FLAG,W3,A_W3,F18,F18_FLAG,W4,WISE_FLAG,A_W4,25,60,100,450,850,890,1300,2600,2700,,,,,,,,,,,
 ab aur,04 55 45,+30 33 04,      A0Ve,7.1999998,0.5311898913850,7.1599998,0.451463379658,7.0500002,0.3409989356990,6.96,0.2555090616790,6.6999998,0.1632952649830,5.936,0.0960560382252,5.062,0.05993896785250,4.230,000,0.03669340660200,3.289,0.01799449782750,1.669,0.01112052761540,18.879999,3,0.542,0.00929534281905,26.030001,3,-1.723,0h0h ,0.006066169348410,,,,,,,,,,,,,,,,,,,,
 ak sco,16 54 44,-36 53 18,       F5Ve,9.8000002,1.0140935103800,9.6300001,0.861887793635,9,0.6510003547670,9.1999998,0.4877918151210,     null ,0.3117466487620,7.676,0.1833803816240,7.059,0.11442935813400,6.503,000,0.07005130578050,5.482,0.03435325815760,5.064,0.02123017600610,2.032000,3,3.013,0.01774571952980,2.870000,3,0.899,hh00 ,0.011580911212500,,,,,,,,,,,,,,,,,,,,
 LBN 026.48+02.56,18 33 21,-04 58 04,        B1e,     null ,5.7465282342600,13.42,4.884029421520,12.49,3.6890009460400,     null ,2.7641528215400,     null ,1.7665638333200,11.582,1.0391551960700,1.237,0.64843284234700,1.025,ccc ,0.39695728489800,7.099,0.19466840673000,6.332,0.12030429599300,      null|, null,0.223,0.10055904832400,      null|,null,  null ,HHHH ,0.065625144604200,,,,,,,,,,,,,,,,,,,,
 V2018 Cyg,20 46 45,+43 45 11,        B9e,     null ,3.4768940093000,12.27,2.955045541360,11.61,2.2320024833700,     null ,1.6724300297900,     null ,1.0688462596400,10.603,0.6287330939060,0.236,0.39232945059800,9.815,000,0.24017604187200,9.118,0.11778266625800,8.033,0.07278921619790,2.068000,3,2.25,0.06084250149730,7.517000,3,-0.255,000h ,0.039706003839600,,,,,,,,,,,,,,,,,,,,
 V1977 Cyg,20 47 37,+43 47 24,       B8Ve,11.9,3.6217644318400,11.56,3.078172301920,10.9,2.3250024833700,10.18,1.7421145368300,9.9499998,1.1133814709100,8.653,0.6549302770050,7.701,0.40867649285100,6.623,000,0.25018336581600,5.335,0.12269027189200,4.32,0.07582209683170,2.557000,3,2.974,0.06337760290580,2.298000,3,1.357,hhhH ,0.041360418825500,,,,,,,,,,,,,,,,,,,,
 HD 245185,05 35 09,+10 01 51,      A0Vae,10.05,0.6760590244350,10.07,0.574589044275,9.9300003,0.4339981079100,10,0.3251929484620,     null ,0.2078300798440,15.118,0.1222529881440,4.838,0.07628586460170,4.434,ccc ,0.04670064147090,6.893,0.02290205977890,6.129,0.01415338125360,2.392000,3,2.469,0.01183042166270,4.476000,3,0.513,0000,0.007720569608450,,,,,,,,,,,,,,,,,,,,
 bd +41 3731,20 24 15,+42 18 01,        B3n,9.5100002,1.1589643013400,9.8900003,0.985014867326,9.8400002,0.7440005912780,     null ,0.5574764993800,     null ,0.3562819732880,13.303,0.2095776313460,2.581,0.13077644196000,2.406,ccc ,0.08005865517410,9.509,0.03926087627210,9.426,0.02426306435300,      null|, null,8.042,0.02028082738530,      null|,null,5.36,HHdh ,0.013235330405800,,,,,,,,,,,,,,,,,,,,
 bd +65 1637,21 42 50,+66 06 35,   B3IV-Vne,10.21,2.8008298269200,10.56,2.380452113300,10.17,1.7980010643000,     null ,1.3472346002900,     null ,0.8610145941720,8.973,0.5064791730420,8.729,0.31604300397800,8.474,000,0.19347504410200,7.901,0.09488043174980,7.509,0.05863572696210,      null ,0,6.174,0.04901198957530,7.893000,3,0.339,hddd ,0.031985375327600,,,,,,,,,,,,,,,,,,,,
 bf ori,05 37 13,-06 35 00,      A7III,10.37,0.5794837164760,10,0.492508764455,9.6899996,0.3720013008120,10.1,0.2787390028620,9.3100004,0.1781414679940,9.113,0.1047890988200,8.565,0.06538839766380,7.897,000,0.04002943574930,6.880,0.01963049117900,6.101,0.01213156495680,      null|, null,3.591,0.01014044109280,      null|,null,2.196,0000,0.006617683084330,,,,,,,,,,,,,,,,,,,,
 bh cep,22 01 42,+69 44 36,     F5IIIe,12.18,0.5311902598100,11.54,0.451463692786,11.01,0.3409991722110,10.62,0.2555092388960,10.32,0.1632953782420,9.686,0.0960561048481,8.993,0.05993900942520,8.310,000,0.03669343205200,7.320,0.01799451030820,6.846,0.01112053532840,0.480700,3,4.684,0.00929534926615,0.766900,3,2.225,0000,0.006066173555810,,,,,,,,,,,,,,,,,,,,
 HD 245465,05 36 29,+06 50 02,        F4e,     null ,4.1046608665600,10.04,3.488590609910,8.8000002,2.6349992904700,     null ,1.9743938345500,     null ,1.2618306461400,8.604,0.7422533212580,8.371,0.46316607246500,8.231,000,0.28354076872100,8.180,0.13904878884900,8.185,0.08593159481870,      null|, null,8.129,0.07182785389810,      null|,null,8.131,0000,0.046875078645400,,,,,,,,,,,,,,,,,,,,
 bo cep,22 16 54,+70 03 45,       F5Ve,11.86,0.0482870092365,11.98,0.041039591937,11.55,0.0309979896545,11.16,0.0232266626707,10.84,0.0148441077219,10.319,0.0087318280717,9.849,0.00544866071674,9.581,000,0.00333555832339,8.853,0.00163576245876,8.501,0.00101089465065,0.084110,3,7.006,0.00084497900250,0.117800,3,3.855,hh0d ,0.000551435899115,,,,,,,,,,,,,,,,,,,,
 cq tau,05 35 58,+24 44 54,      F5IVe,11.29,1.7384437809400,10.78,1.477520030810,10,1.1159991722100,10.6,0.8362134642480,8.3299999,0.5344221388050,7.926,0.3143659640030,7.060,0.19616436153800,6.173,000,0.12008779824900,5.328,0.05889122392310,4.428,0.03639454061010,4.855000,3,1.775,0.03042119433660,12.880000,3,-0.795,0000,0.019852965105100,,,,,,,,,,,,,,,,,,,,
cq uma,13 40 21,+57 12 27,  A2IVpSrCr,     null ,0.1979910695840,6.3870001,0.168274507603,6.2859998,0.1271009578700,     null ,0.0952362106861,     null ,0.0608652474309,6.152,0.0358030867241,6.211,0.02234112611580,6.197,000,0.01367677912860,6.203,0.00670711157963,6.12,0.00414496810391,0.193300,3,6.246,0.00346466470229,      null ,0,6.056,0000,0.002261050854030,,,,,,,,,,,,,,,,,,,,
 eu ser,18 19 09,-13 50 41,         Be,     null ,99.9900000000000,12.97,99.990000000000,     null ,99.9900000000000,     null ,99.9900000000000,     null ,99.9900000000000,  null| ,99.9900000000000, null| ,99.99000000000000, null| ,null|,99.99000000000000,16.365,99.99000000000000,16.769,99.99000000000000,      null|, null,12.207,99.99000000000000,      null|,null,8.386,0000,99.990000000000000,,,,,,,,,,,,,,,,,,,,
 hd 53367,07 04 25,-10 27 15,    B0IV/Ve,6.8099999,3.5734706988500,7.4000001,3.037126995410,6.96,2.2940001773800,     null ,1.7188846399500,     null ,1.0985352962100,11.770,0.6461972330660,0.690,0.40322707343300,9.543,c00 ,0.24684734303100,8.039,0.12105428166100,7.097,0.07481106141860,2.656000,3,4.535,0.06253250624380,      null ,0,4.944,dddd ,0.040808906141500,,,,,,,,,,,,,,,,,,,,
 hd 150193,16 40 17,-23 53 45,     B9.5Ve,9.6899996,2.5593761753000,9.3199997,2.175238340670,8.79,1.6429991722100,8.4099998,1.2310923374900,     null ,0.7867883359880,6.332,0.4628166682280,6.220,0.28879760097400,6.117,000,0.17679596726300,5.104,0.08670098918130,4.647,0.05358086420160,1.065000,3,4.167,0.04478676898450,      null ,0,1.019,hhhd ,0.029227983358600,,,,,,,,,,,,,,,,,,,,
 hd 163296,17 56 21,-21 57 21,      A1Vep,7,0.2414503358010,6.9299998,0.205210954478,6.8499999,0.1549997634890,6.8600001,0.1161406678540,6.6700001,0.0742252388538,6.947,0.0436619052081,6.214,0.02724502884990,5.476,000,0.01667884778950,4.441,0.00817933024230,3.552,0.00505479334332,13.000000,3,1.03,0.00422516256699,      null ,0,-0.567,HHHH ,0.002757354102460,,,,,,,,,,,,,,,,,,,,
hd 200775,21 01 36,+68 09 47,       B2Ve,7.3400002,2.8491177572200,7.73,2.421492488060,7.3600001,1.8289996452300,     null ,1.3704617060100,     null ,0.8758589850410,6.195,0.5152111676710,5.531,0.32149176862700,4.779,000,0.19681066605000,3.737,0.09651622541030,2.918,0.05964664089530,15.020001,3,0.638,0.04985698469560,      null ,0,-0.764,hhhh ,0.032536821745200,,,,,,,,,,,,,,,,,,,,
 hd 250550,06 01 59,+16 30 56,        B9e,     null ,0.3235437962920,9.6000004,0.274982973341,9.5930004,0.2076999053960,9.6400003,0.1556286615080,     null ,0.0994619265274,6.111,0.0585070156044,5.465,0.03650837773710,4.651,000,0.02234967996090,3.350,0.01096031425650,1.235,0.00677343033029,11.310000,3,1.03,0.00566172390003,      null ,0,-2.016,HHHH ,0.003694858452250,,,,,,,,,,,,,,,,,,,,
 hd 259431,06 33 05,+10 19 19,       B6ep,8.3900003,1.7384428598800,8.9499998,1.477519248000,8.7200003,1.1159985809300,8.8999996,0.8362130212060,     null ,0.5344218556580,8.475,0.3143657974460,7.528,0.19616425760600,6.635,000,0.12008773462400,5.649,0.05889119272140,4.809,0.03639452132750,2.973000,3,2.374,0.03042117821880,6.514000,3,0.051,0000,0.019852954586600,,,,,,,,,,,,,,,,,,,,
 hk ori,05 31 28,+12 09 10,  A2?e+G0?e,11.82,4.3461128602700,12.06,3.693802973470,11.1,2.7900001182600,11.02,2.0905352998800,10.56,1.3360563946600,7.454,0.7859155262690,6.666,0.49041128839200,5.726,000,0.30021973103500,4.456,0.14722817525400,3.13,0.09098642287060,11.490000,3,1.444,0.07605304547710,11.800000,3,-0.499,hdhh ,0.049632451681200,,,,,,,,,,,,,,,,,,,,
 AS 220,17 10 08,-27 15 18,       A8Ve,12.86,2.4145094370100,11.72,2.052114711390,10.99,1.5500015373200,11.56,1.1614096026100,10.82,0.7422542573100,9.408,0.4366201513590,8.311,0.27245097444800,7.341,000,0.16678889781900,6.163,0.08179350835440,5.033,0.05054806069800,2.708000,3,2.529,0.04225173204700,2.882000,3,0.897,HHHH ,0.027573610446700,,,,,,,,,,,,,,,,,,,,
 lkh 112,18 04 22,-24 22 09,       B2Ve,9.4099998,1.8688275664900,10.183,1.588334459760,10.016,1.1996994323700,     null ,0.8989297155250,9.6239996,0.5745039535310,13.824,0.3379435020770,1.654,0.21087674529600,0.751,c00 ,0.12909441779300,4.441,0.06330808272230,3.504,0.03912414166480,9.100000,3,1.379,0.03270279269600,8.276000,3,-0.01,0h0h ,0.021341943220600,,,,,,,,,,,,,,,,,,,,
 lkh 115,18 04 50,-24 25 41,        B7e,     null ,2.6124954407600,12.38,2.220384913480,11.949,1.6770992431600,     null ,1.2566433765700,11.198,0.8031179474310,9.085,0.4724223220180,8.862,0.29479152893900,8.562,000,0.18046532701100,7.513,0.08850044832460,6.995,0.05469292274790,      null|, null,4.593,0.04571630810170,      null|,null,0.773,dddd ,0.029834603449000,,,,,,,,,,,,,,,,,,,,
 lkh 118,18 05 49,-24 15 20,     B5:Vpe,11.74,4.7324345396700,12.01,4.022141471330,11.17,3.0380004730200,     null ,2.2763609178100,     null ,1.4548171279300,14.552,0.8557747811330,3.938,0.53400346342700,2.541,cc0 ,0.32690596639300,9.162,0.16031514233200,8.533,0.09907411613030,      null|, null,4.683,0.08281332557020,      null|,null,1.16,dDdd ,0.054044231288000,,,,,,,,,,,,,,,,,,,,
 lkh 119,18 05 56,-24 16 00,       B1Ve,     null ,12.4347092413000,13,10.568378559500,10.685,7.9824986991900,17.299999,5.9812525464300,     null ,3.8226050108800,8.721,2.2485911828700,8.248,1.40312089811000,7.900,000,0.85896183185600,7.349,0.42123608159000,7.09,0.26032221198000,      null|, null,6.607,0.21759616876600,      null|,null,5.475,hhh0 ,0.142003929817000,,,,,,,,,,,,,,,,,,,,
 lkh 131,20 46 36,+43 44 35,         Be,     null ,5.6982364355100,14.5,4.842985758930,13.46,3.6579998817400,13.9,2.7409238550500,     null ,1.7517182532300,9.859,1.0304225019000,9.454,0.64298364118500,9.214,000,0.39362139572600,8.665,0.19303248202200,8.384,0.11929330107300,      null|, null,7.74,0.09971398550880,      null|,null,7.993,hhhd ,0.065073654009000,,,,,,,,,,,,,,,,,,,,
 lkh 132,20 46 41,+43 46 48,           ,     null ,99.9900000000000,16,99.990000000000,15.13,99.9900000000000,15.3,99.9900000000000,     null ,99.9900000000000,11.153,99.9900000000000,0.738,99.99000000000000,0.382,000,99.99000000000000,10.480,99.99000000000000,10.214,99.99000000000000,      null|, null,8.896,99.99000000000000,      null|,null,7.049,0ddH ,99.990000000000000,,,,,,,,,,,,,,,,,,,,
 lkh 134,20 48 04,+43 47 25,     B8/A0e,     null ,2.1247680393100,11.77,1.805860720570,11.42,1.3640011825600,     null ,1.0220403227000,     null ,0.6531836648860,12.600,0.3842256852270,2.202,0.23975682758200,1.945,000,0.14677421175700,11.723,0.07197827836570,11.588,0.04448228786080,      null|, null,11.278,0.03718151955940,      null|,null,8.736,00DH ,0.024264774163700,,,,,,,,,,,,,,,,,,,,
 lkh 135,20 48 20,+43 39 48,        B7e,     null ,2.9456985915500,11.6,2.503577464790,11.1,1.8910000000000,     null ,1.4169183098600,     null ,0.9055492957750,9.457,0.5326760563380,8.867,0.33238985915500,8.240,0s0 ,0.20348225352100,7.169,0.09978798122050,6.554,0.06166857288730,3.444000,3,  null ,0.05154706197180,10.640000,3,-0.619,hhhh ,0.033639771380300,,,,,,,,,,,,,,,,,,,,
 lkh 147,20 51 02,+43 49 31,        B2e,     null ,8.3831720612600,15.869,7.124938279920,14.353,5.3816023178100,15.8,4.0324118775700,12.147,2.5771053352900,15.249,1.5159443148800,3.718,0.94594925248300,2.860,ccc ,0.57909072828300,5.395,0.28398690165300,4.401,0.17550276826400,3.353000,3,2.499,0.14669793135100,3.465000,3,0.821,0hoo ,0.095735521750800,,,,,,,,,,,,,,,,,,,,
 lkh 167,20 52 04,+44 37 30,      A1/9e,     null ,99.9900000000000,17,99.990000000000,     null ,99.9900000000000,14.8,99.9900000000000,     null ,99.9900000000000,10.565,99.9900000000000,9.997,99.99000000000000,9.483,000,99.99000000000000,8.959,99.99000000000000,8.567,99.99000000000000,      null|, null,7.625,99.99000000000000,      null|,null,6.382,0000,99.990000000000000,,,,,,,,,,,,,,,,,,,,
 lkh 168,20 52 06,+44 17 16,      F6III,     null ,4.9255921556500,15,4.186307980390,13.52,3.1619985809300,15.3,2.3692721761400,     null ,1.5141965035500,10.234,0.8907038256150,9.059,0.55579918718400,8.120,000,0.34024886138500,6.482,0.16685851666500,5.646,0.10311789527100,1.578000,3,3.329,0.08619340920470,1.401000,3,1.84,0h00 ,0.056250084276800,,,,,,,,,,,,,,,,,,,,
 lkh 169,20 52 07,+44 03 44,     B3V(e),     null ,4.7807248647200,11.1,4.063183881410,10.3,3.0690005912800,     null ,2.2995891754400,     null ,1.4696622549800,10.265,0.8645072088110,9.229,0.53945249829800,8.338,000,0.33024175376600,6.904,0.16195101711700,6.221,0.10008508019800,1.021000,3,3.733,0.08365836259660,1.307000,3,1.726,0h00 ,0.054595705053700,,,,,,,,,,,,,,,,,,,,
 lkh 176,20 52 58,+44 15 03,       B5ne,     null ,4.4040577503000,12.872,3.743050890860,12.1,2.8271980133100,14.4,2.1184075254600,10.992,1.3538694711600,8.901,0.7963938065650,8.698,0.49694973529700,8.623,000,0.30422243410800,8.549,0.14919110643000,8.545,0.09219950647830,      null|, null,7.871,0.07706702866130,      null|,null,4.393,0h00 ,0.050294180229700,,,,,,,,,,,,,,,,,,,,
 lkh 183,20 55 10,+45 03 02,    B0.5:Ve,     null ,2.3662146908600,12,2.011068543770,11.77,1.5189985809300,14.4,1.1381792183900,     null ,0.7274077711510,14.517,0.4278869242060,3.292,0.26700144070500,2.768,ccc ,0.16345280504700,9.129,0.08015748380120,8.746,0.04953700407400,      null|, null,7.643,0.04140661765550,      null|,null,6.773,0h00 ,0.027022086192300,,,,,,,,,,,,,,,,,,,,
 lkh 192,20 59 17,+44 17 46,         Be,     null ,7.4415108147500,15.617,6.324611361540,14.216,4.7771000709500,16.5,3.5794608982400,12.176,2.2876253860900,14.989,1.3456619918200,4.220,0.83969308289400,4.147,ccc ,0.51404288087400,9.298,0.25208734646700,8.982,0.15578897087000,      null|, null,8.028,0.13021971094800,      null|,null,6.159,0000,0.084981784372100,,,,,,,,,,,,,,,,,,,,
 lkh 193,20 59 31,+44 35 44,         Be,     null ,4.1529534021600,14.5,3.529634898760,13.78,2.6660008277900,19,1.9976231554700,     null ,1.2766764527400,10.393,0.7509861486730,9.700,0.46861535677200,9.084,sss ,0.28687670879300,8.459,0.14068473851800,8.141,0.08694260516460,0.057210,3,7.372,0.07267292960710,      null ,0,5.908,0d00 ,0.047426577655500,,,,,,,,,,,,,,,,,,,,
 lkh 194,21 01 40,+44 19 44,         Be,     null ,3.7183413977100,14,3.160253990820,13.37,2.3870003547700,15.8,1.7885692799100,     null ,1.1430705924200,11.971,0.6723944661320,1.648,0.41957414686600,1.420,000,0.25685468606200,11.034,0.12596189665500,10.777,0.07784394783710,      null|, null,10.446,0.06506761248750,      null|,null,8.825,0o00 ,0.042463324282900,,,,,,,,,,,,,,,,,,,,
 lkh 198,00 11 25,+58 49 28,        B9e,     null ,4.4426912998400,14.65,3.775885914870,13.79,2.8519989357000,14.03,2.1369907518200,     null ,1.3657459692100,12.010,0.8033799818870,1.716,0.50130910869800,1.402,000,0.30689115308100,10.753,0.15049984994000,10.432,0.09300830472810,      null|, null,9.499,0.07774308084720,      null|,null,8.646,dd00 ,0.050735373968100,,,,,,,,,,,,,,,,,,,,
 lkh 201,00 43 25,+61 38 23,        B2e,     null ,-0.3863220478220,14,0.328338810988,14.3,-0.2480005912780,13,-0.1858257951550,     null ,-0.1187608465280,9.988,0.0698593214868,7.889,-0.04359221660780,6.290,000,-0.02668626080800,4.677,-0.01308697955850,3.304,0.00808770097268,9.475000,3,0.627,0.00676028654028,29.860001,3,-2.249,HHHH ,0.004411783814260,,,,,,,,,,,,,,,,,,,,
 lkh 208,06 07 49,+18 39 26,       F0Ve,     null ,0.8209301838190,11.78,0.697716431094,11.3,0.5269985809330,     null ,0.3948778099380,     null ,0.2523655176300,10.716,0.1484503044880,0.285,0.09263299000060,9.849,000,0.05670801631440,9.317,0.02780969037400,8.934,0.01718627731350,      null|, null,8.083,0.01436553596530,      null|,null,7.352,0000,0.009374993009150,,,,,,,,,,,,,,,,,,,,
 lkh 215,06 32 41,+10 09 33,        B6e,11.41,3.4285996315800,11.28,2.913999686870,10.7,2.2009997634900,     null ,1.6491998227800,     null ,1.0539998867400,10.254,0.6199999333770,9.834,0.38687995842700,9.245,000,0.23683997455000,7.915,0.11614665418600,6.571,0.07177816728700,3.093000,3,2.524,0.05999739355290,      null ,0,0.766,0000,0.039154483792600,,,,,,,,,,,,,,,,,,,,
 lkh 218,07 02 42,-11 26 11,        A0e,     null ,5.4567864681300,13,4.637775117580,11.87,3.5030003547700,11.2,2.6247833644200,     null ,1.6774931276300,13.041,0.9867606633150,1.942,0.61573865390800,1.336,ccc ,0.37694257338600,5.426,0.18485316426100,4.727,0.11423851544300,17.940001,3,2.966,0.09548882938900,13.670000,3,0.657,HHHH ,0.062316304113900,,,,,,,,,,,,,,,,,,,,
 lkh 220,07 04 06,-11 26 08,        B8e,     null ,0.5311891545360,11.62,0.451462753403,11.6,0.3409984626770,11.6,0.2555087072450,     null ,0.1632950384650,10.255,0.0960559049794,9.419,0.05993888470720,8.577,000,0.03669335570210,7.297,0.01799447286610,6.39,0.01112051218940,0.882700,3,3.905,0.00929532992486,0.921500,3,2.22,0h00 ,0.006066160933620,,,,,,,,,,,,,,,,,,,,
 lkh 257,21 54 18,+47 12 09,     B5/A2e,     null ,4.1046621560400,13.87,3.488591705860,13.16,2.6350001182600,13.8,1.9743944548100,     null ,1.2618310425400,10.763,0.7422535544380,0.022,0.46316621796900,9.116,000,0.28354085779500,7.884,0.13904883253100,7.08,0.08593162181430,0.888500,3,3.907,0.07182787646300,1.107000,3,2.054,0hhh ,0.046875093371300,,,,,,,,,,,,,,,,,,,,
 lkh 259,23 58 41,+66 26 12,        A9e,     null ,8.1610293817200,16.629999,6.936137087540,14.67,5.2389971618700,     null ,3.9255584367800,     null ,2.5088155423000,11.278,1.4757738484100,0.494,0.92088288141000,9.725,000,0.56374561009400,8.867,0.27646163426900,8.345,0.17085218314800,0.090020,3,6.329,0.14281063531100,0.317800,3,3.065,HHd0 ,0.093198660384500,,,,,,,,,,,,,,,,,,,,
 lkh 324,21 03 54,+50 15 09,       B9Ve,     null ,5.9879789384900,13.79,5.089240689130,12.61,3.8440009460400,11.89,2.8802936666100,11.14,1.8407891854300,10.692,1.0828171679000,9.889,0.67567791277000,9.265,000,0.41363615813800,7.990,0.20284774945300,7.066,0.12535909704900,9.892000,3,3.197,0.10478421733800,10.260000,3,0.227,0hhh ,0.068382502914100,,,,,,,,,,,,,,,,,,,,
 lkh 339,06 10 57,-06 14 39,        A1e,     null ,3.9114975399900,14.44,3.324419247370,13.6,2.5109975166300,13.44,1.8814798293600,12.5,1.2024495150100,10.020,0.7073232441220,9.815,0.44136970433200,9.574,00c ,0.27019747925400,8.743,0.13250522106500,8.177,0.08188769612600,7.476000,3,4.177,0.06844767033370,      null ,0,1.968,hhdd ,0.044669160442100,,,,,,,,,,,,,,,,,,,,
 lkh 341,06 30 50,+10 33 09,        F3e,     null ,4.0563720152000,14.57,3.447549452340,13.36,2.6040001182600,12.2,1.9511662857900,     null ,1.2469859721200,11.386,0.7335211600720,0.640,0.45771720388500,9.725,000,0.28020508314800,8.171,0.13741296398700,7.256,0.08492066160300,1.415000,3,3.712,0.07098284266020,2.047000,3,1.58,hhhd ,0.046323621709300,,,,,,,,,,,,,,,,,,,,
 lkh 350,22 49 07,+62 11 08,        B8e,     null ,10.2375085697000,16,8.700956650530,13.97,6.5719991722100,13,4.9243712107300,     null ,3.1471545331700,9.374,1.8512673724500,8.439,1.15519084041000,8.071,000,0.70718413627700,7.780,0.34680408777200,7.624,0.21432353779300,      null|, null,7.34,0.17914714363200,      null|,null,6.926,0000,0.116911977612000,,,,,,,,,,,,,,,,,,,,
 HBC 1,00 07 02,+65 38 38,        F4?,     null ,3.5251843343600,17.35,2.996087951450,16.23,2.2630026016200,13.4,1.6956582874100,     null ,1.0836913866900,9.578,0.6374655215840,8.869,0.39777848546800,8.316,000,0.24351182924500,7.777,0.11941854104300,7.432,0.07380018026570,0.123500,3,6.748,0.06168753852370,      null ,0,6.391,hh00 ,0.040257477605300,,,,,,,,,,,,,,,,,,,,
 mwc 137,06 18 45,+15 16 52,        B0e,12.89,7.8712925893200,13.28,6.689887010820,11.95,5.0529997634900,     null ,3.7861913720800,     null ,2.4197463656100,13.740,1.4233802150700,2.723,0.88818925420200,2.476,00c ,0.54373124215600,5.507,0.26664656028900,4.306,0.16478650672400,3.402000,3,1.985,0.13774050341200,7.517000,3,-0.225,hh0h ,0.089889876694000,,,,,,,,,,,,,,,,,,,,
 mwc 297,18 27 39,-03 49 52,      B1:Ve,15.57,11.0584409640000,14.34,9.398674960390,12.31,7.0989991722100,11.34,5.3192500839700,     null ,3.3995207303500,13.998,1.9997180766800,3.401,1.24782407985000,9.304,cc0 ,0.76389230529100,4.737,0.37461385303100,3.655,0.23150986138500,      null ,0,1.839,0.19351271828000,20.400000,3,-0.385,hhhd ,0.126286995866000,,,,,,,,,,,,,,,,,,,,
 mwc 342,20 23 03,+39 29 50,       B[e],11.62,5.0221728057600,11.5,4.268392800560,10.6,3.2239988174400,     null ,2.4157286913800,     null ,1.5438867576500,6.127,0.9081686809700,4.387,0.56669725692500,3.041,0d0 ,0.34692043613100,-1.163,0.17013026623500,-1.865,0.10513982340700,      null ,0,-2.022,0.08788348325750,218.300003,3,-4.721,HHHH ,0.057353031808100,,,,,,,,,,,,,,,,,,,,
 mwc 930,18 26 25,-07 13 17,      B5/9e,     null ,99.9900000000000,14.28,99.990000000000,     null ,99.9900000000000,10.6,99.9900000000000,     null ,99.9900000000000,6.979,99.9900000000000,5.800,99.99000000000000,4.679,000,99.99000000000000,2.100,99.99000000000000,0.246,99.99000000000000,46.570000,3,-0.241,99.99000000000000,44.919998,3,-1.817,HHHH ,99.990000000000000,,,,,,,,,,,,,,,,,,,,
 mwc 1080,23 17 25,+60 50 43,       B0eq,     null ,7.2290365161100,12.779,6.144027418750,11.582,4.6407015609700,11.9,3.4772580710400,     null ,2.2223077897600,6.652,1.3072398763300,5.810,0.81571768283000,5.262,000,0.49936563275800,3.908,0.24488960349900,3.267,0.15134079453300,3.251000,3,3.014,0.12650160283300,      null ,0,2.012,0000,0.082555335566000,,,,,,,,,,,,,,,,,,,,
 mx ori,05 35 21,-05 09 16,       K2Ve,     null ,-1.4004168476900,10.9,-1.190227700570,10.3,-0.8990017738340,     null ,-0.6736182305350,     null ,-0.4305078916950,7.461,0.2532399362910,5.980,-0.15802172024600,4.826,000,0.09673765566330,2.210,-0.04744028139850,0.795,-0.02931790397440,21.600000,3,0.344,-0.02450602863490,17.240000,3,-0.984,0hoo ,-0.015992709752600,,,,,,,,,,,,,,,,,,,,
 nv ori,05 35 31,-05 33 08,     F6IIIe,10.36,5.0704658940100,10.21,4.309437559100,8.6999998,3.2550007095300,9.4799995,2.4389582781300,9.2200003,1.5587327341400,8.315,0.9169016083190,7.684,0.57214660359100,7.101,000,0.35025641437800,6.304,0.17176623462500,5.862,0.10615084532200,0.726900,3,5.22,0.08872856863710,      null ,0,4.012,hdOO ,0.057904537129200,,,,,,,,,,,,,,,,,,,,
 r mon,06 39 09,+08 44 09,     B8IIIe,10.76,3.3803082012400,12.46,2.872956337400,11.85,2.1699989357000,10.96,1.6259710335100,10.25,1.0391544199100,8.799,0.6112673058310,8.257,0.38143079883800,7.642,000,0.23350411082700,6.989,0.11451074195900,6.375,0.07076718008020,1.247000,3,3.431,0.05915233718520,      null ,0,1.589,hhhD ,0.038602997404800,,,,,,,,,,,,,,,,,,,,
 r cra,19 01 53,-36 57 07,    B5IIIpe,12.781,4.2205593046100,12.651,3.587093803190,11.917,2.7094006385800,11.242,2.0301424503200,10.412,1.2974594607300,12.093,0.7632114474870,1.026,0.47624394323200,2.338,00c ,0.29154677294000,3.018,0.14297494449600,-0.035,0.08835794328990,34.070000,3,-0.202,0.07385597177340,79.239998,3,-2.717,0h00 ,0.048198634616300,,,,,,,,,,,,,,,,,,,,
 rr tau,05 39 30,+26 22 26,     A0:IVe,11.64,3.9115034347900,12.09,3.324424257410,11.28,2.5110013008100,10.58,1.8814826648300,10.17,1.2024513271500,6.935,0.7073243100880,4.951,0.44137036949500,2.858,000,0.27019788645400,-0.276,0.13250542075600,-1.26,0.08188781953430,88.349998,3,-1.239,0.06844777348720,      null ,0,-4.016,HHHH ,0.044669227760400,,,,,,,,,,,,,,,,,,,,
 sv cep,22 21 33,+73 40 27,      A2IVe,11.4,1.4004113213200,10.7,1.190223003660,10.35,0.8989982261660,10.28,0.6736155722820,10.08,0.4305061928120,9.685,0.2532389369480,8.416,0.15802109665600,7.389,000,0.09673727391420,6.014,0.04744009418820,5.285,0.02931778827920,1.365000,3,3.571,0.02450593192850,1.367000,3,1.723,HHHH ,0.015992646641700,,,,,,,,,,,,,,,,,,,,
 t cra,19 01 58,-36 57 49,         F0,     null ,99.9900000000000,     null ,99.990000000000,11.67,99.9900000000000,     null ,99.9900000000000,     null ,99.9900000000000,16.176,99.9900000000000,3.972,99.99000000000000,3.144,c00 ,99.99000000000000,6.726,99.99000000000000,5.935,99.99000000000000,2.527000,3,2.55,99.99000000000000,3.459000,3,0.742,0000,99.990000000000000,,,,,,,,,,,,,,,,,,,,
 t ori,05 35 50,-05 28 34,     A3IVeb,12.724,1.4438749165300,11.637,1.227163129780,11.248,0.9268998107910,10.09,0.6945221117480,10.043,0.4438675150270,8.928,0.2610985382510,7.703,0.16292548786900,6.598,000,0.09973964161190,6.920,0.04891245949890,5.587,0.03022770414650,4.674000,3,2.301,0.02526650554650,      null ,0,-1.11,HHHH ,0.016488999327000,,,,,,,,,,,,,,,,,,,,
 t cha,11 57 13,-79 21 31,        K0e,     null ,-12.9417560886000,10,-10.999322534600,11.86,-8.3079989357000,     null ,-6.2251484983000,     null ,-3.9784783635700,8.271,-2.3402813903400,7.236,-1.46033558757000,6.216,000,-0.89398749110900,5.012,-0.43841271378900,4.586,-0.27093730191100,      null|, null,2.73,-0.22646903014300,      null|,null,0.64,HHHH ,-0.147794386475000,,,,,,,,,,,,,,,,,,,,
 ty cra,19 01 40,-36 52 33,        B9e,10.03,2.8491170203700,9.9200001,2.421491861800,9.3900003,1.8289991722100,     null ,1.3704613515700,     null ,0.8758587585230,8.955,0.5152110344260,7.860,0.32149168548200,6.954,000,0.19681061515100,5.857,0.09651620044890,5.043,0.05964662546920,0.599200,3,4.663,0.04985697180140,0.809600,3,2.567,0000,0.032536813330500,,,,,,,,,,,,,,,,,,,,
 ux ori,05 04 29,-03 47 14,      A4IVe,10.25,10.1892221131000,10.93,8.659917528290,8.6999998,6.5410015373200,9.6199999,4.9011448138800,9.4300003,3.1323105953400,7.486,1.8425356443200,6.970,1.14974224205000,6.673,000,0.70384861612900,5.662,0.34516834403500,4.547,0.21331265471200,      null ,0,-1.732,0.17830217430000,54.090000,3,-2.253,HHHH ,0.116360548024000,,,,,,,,,,,,,,,,,,,,
 hd 38238,05 44 18,+00 08 40,     A7IIIe,9.4399996,0.7726440956440,9.2200003,0.656677621976,8.8699999,0.4960011825560,     null ,0.3716515903100,     null ,0.2375216930550,8.707,0.1397186429740,8.044,0.08718443321550,7.214,000,0.05337252161590,6.250,0.02617395911700,5.513,0.01617540194540,      null ,0,2.921,0.01352057308060,3.112000,3,0.92,0000,0.008823567628520,,,,,,,,,,,,,,,,,,,,
 v376 cas,00 11 26,+58 50 03,     A3/F2e,     null ,99.9900000000000,16,99.990000000000,     null ,99.9900000000000,     null ,99.9900000000000,     null ,99.9900000000000,7.950,99.9900000000000,7.504,99.99000000000000,6.846,000,99.99000000000000,5.811,99.99000000000000,5.069,99.99000000000000,1.221000,3,3.9,99.99000000000000,1.690000,3,1.071,0000,99.990000000000000,,,,,,,,,,,,,,,,,,,,
 v380 ori,05 36 25,-06 42 57,        A1e,     null ,3.2354385155600,11.4,2.749830203100,10.7,2.0769994087200,10.9,1.5562868809000,     null ,0.9946194351630,14.656,0.5850702559780,2.795,0.36508383973000,0.606,cc0 ,0.22349683778400,8.518,0.10960316128600,6.355,0.06773431487240,17.889999,3,3.078,0.05661724867100,33.799999,3,-0.327,dddd ,0.036948590833600,,,,,,,,,,,,,,,,,,,,
 v451 ori,05 31 26,+11 01 22,        B9e,     null ,1.0140957209300,9.6300001,0.861889672400,9.4799995,0.6510017738340,     null ,0.4877928784220,     null ,0.3117473283150,8.107,0.1833807813620,6.964,0.11442960757000,5.947,000,0.07005145848020,4.792,0.03435333304170,3.723,0.02123022228420,7.375000,3,1.492,0.01774575821240,7.237000,3,0.149,HHHH ,0.011580936456900,,,,,,,,,,,,,,,,,,,,
 v517 cyg,20 47 23,+43 44 39,       A0/5,     null ,99.9900000000000,12.5,99.990000000000,     null ,99.9900000000000,     null ,99.9900000000000,     null ,99.9900000000000,9.181,99.9900000000000,9.162,99.99000000000000,9.111,000,99.99000000000000,9.051,99.99000000000000,9.013,99.99000000000000,      null|, null,8.567,99.99000000000000,      null|,null,7.329,0000,99.990000000000000,,,,,,,,,,,,,,,,,,,,
 v590 mon,06 40 44,+09 48 02,       B4Ve,12.745,1.4969925240700,13.03,1.272308293520,12.88,0.9609988174440,12.545,0.7200723533520,12.386,0.4601966168040,14.081,0.2707038922380,2.726,0.16891922875600,2.124,c00 ,0.10340888683500,7.928,0.05071186247910,7.209,0.03133972798420,0.562500,3,4.543,0.02619601565180,0.580400,3,2.958,000p ,0.017095600484200,,,,,,,,,,,,,,,,,,,,
 v594 cas,00 43 18,+61 54 40,       B8eq,10.83,2.9939874429100,11.13,2.544618622360,10.6,1.9219991722100,10.6,1.4401458586100,     null ,0.9203939697910,11.438,0.5414082175240,0.448,0.33783872773500,9.330,000,0.20681793909400,7.812,0.10142380608300,6.888,0.06267950610300,2.024000,3,3.219,0.05239207320980,3.075000,3,0.843,h00h ,0.034191228316400,,,,,,,,,,,,,,,,,,,,
 v645 cyg,21 39 58,+50 14 20,     O6/9eq,     null ,99.9900000000000,13.6,99.990000000000,     null ,99.9900000000000,     null ,99.9900000000000,     null ,99.9900000000000,8.137,99.9900000000000,6.917,99.99000000000000,5.896,000,99.99000000000000,4.757,99.99000000000000,3.865,99.99000000000000,5.028000,3,1.777,99.99000000000000,5.984000,3,0.133,hh00 ,99.990000000000000,,,,,,,,,,,,,,,,,,,,
 lkh 225,20 20 30,+41 21 26,      A4:Ve,     null ,99.9900000000000,18.200001,99.990000000000,     null ,99.9900000000000,     null ,99.9900000000000,     null ,99.9900000000000,10.942,99.9900000000000,9.209,99.99000000000000,6.848,000,99.99000000000000,1.590,99.99000000000000,-0.156,99.99000000000000,67.260002,3,-0.915,99.99000000000000,143.000000,3,-3.203,HHHH ,99.990000000000000,,,,,,,,,,,,,,,,,,,,
 v1578 cyg,21 52 34,+47 13 43,  A0.5IIIer,10.72,1.8350292205700,10.56,1.559608921640,10.15,1.1780024833700,     null ,0.8826722833120,     null ,0.5641138652750,14.302,0.3318316854560,2.242,0.20706297172400,0.022,ccc ,0.12675970384400,1.910,0.06216313574190,0.304,0.03841656901480,38.729999,3,-1.691,0.03211135220160,79.529999,3,-3.159,HHHH ,0.020955967332600,,,,,,,,,,,,,,,,,,,,
 v1685 cyg,20 20 28,+41 21 51,       B2Ve,11.11,4.6358524158500,11.36,3.940055398650,10.62,2.9759992904700,10.9,2.2299036937000,     null ,1.4251264207900,11.864,0.8383096592860,8.745,0.52310522739500,8.354,cc0 ,0.32023428984700,5.389,0.15704334283900,4.552,0.09705215714260,      null|, null,3.493,0.08112322572910,      null|,null,2.01,hh00 ,0.052941266927100,,,,,,,,,,,,,,,,,,,,
 v1686 cyg,20 20 29,+41 21 28,      A4:Ve,14.82,4.9738826649200,14.08,4.227350547040,12.93,3.1929988174400,12.05,2.3925005223700,11.08,1.5290416872300,7.904,0.8994362866040,6.792,0.56124824284100,5.766,000,0.34358466148300,  null ,0.16849439769000,  null ,0.10412886319500,23.770000,3,  null ,0.08703844945470,24.219999,3,-1.338,dddd ,0.056801560146100,,,,,,,,,,,,,,,,,,,,
 vv ser,18 28 47,+00 08 39,       A5Ve,12.99,3.3320193498900,12.63,2.831915179830,11.8,2.1389997634900,11.01,1.6027434847500,10.24,1.0243097459000,9.378,0.6025351446450,7.691,0.37598193025800,6.345,000,0.23016842525400,  null|,0.11287491709700,  null|,0.06975624686450,      null|, null,  null|,0.05830732594730,      null|,null,  null|,null|,0.038051540468700,,,,,,,,,,,,,,,,,,,,
 vx cas,00 31 30,+61 58 50,      A0Vep,11.83,5.2636260889600,11.59,4.473606260060,10.5,3.3790004730200,11.19,2.5318707769700,10.94,1.6181129025700,8.673,0.9518311191610,7.435,0.59394261835700,6.321,000,0.36359948752000,5.179,0.17830969632300,4.144,0.11019467845400,4.261000,3,2.354,0.09210869740120,3.259000,3,0.988,0h00 ,0.060110419569700,,,,,,,,,,,,,,,,,,,,
 vy mon,06 31 06,+10 26 04,     A5:Vep,16.65,7.7747126760600,15.45,6.607802816900,13.7,4.9910000000000,12.49,3.7397352112700,11,2.3900563380300,10.145,1.4059154929600,9.171,0.87729126760600,8.214,c00 ,0.53705971831000,7.115,0.26337483568000,6.564,0.16276459401400,0.755400,3,4.157,0.13605044225400,1.327000,3,1.832,0000,0.088786937577500,,,,,,,,,,,,,,,,,,,,
 ww vul,19 25 58,+21 12 31,      A2IVe,11.46,3.2837284721900,10.99,2.790872300050,10.25,2.1079992904700,10.38,1.5795149613100,10.12,1.0094644489600,14.544,0.5938026170330,3.351,0.37053283302800,0.639,cc0 ,0.22683259970700,3.646,0.11123902359100,0.526,0.06874527122720,      null ,0,-0.191,0.05746227925030,56.220001,3,-2.313,HHHH ,0.037500060391900,,,,,,,,,,,,,,,,,,,,
 z cma ,07 03 43,-11 33 06,B5/8eq+F5/7,10.51,6.4225867060600,9.9899998,5.458617996110,8.8000002,4.1229986991900,     null ,3.0893455041800,     null ,1.9743937432700,,1.1614080842800,,0.72471864459000,,,0.44365788819400,,0.21757044778800,,0.13445766567700,,,,0.11238946031600,,,,,0.073345707901600,,,,,,,,,,,,,,,,,,,,
 HBC 324     ,00 07 30,+65 39 52,        A5e,     null ,99.9900000000000,     null ,99.990000000000,14.6,99.9900000000000,     null ,99.9900000000000,     null ,99.9900000000000,9.092,99.9900000000000,8.181,99.99000000000000,7.278,000,99.99000000000000,6.574,99.99000000000000,5.907,99.99000000000000,1.502000,3,3.322,99.99000000000000,1.786000,3,1.56,pp00 ,99.990000000000000,,,,,,,,,,,,,,,,,,,,
 RNO 6      ,02 16 30, +55 22 5,         B3,     null ,3.6700492305300,15.09,3.119210015100,14.52,2.3559990539600,     null ,1.7653401362000,     null ,1.1282248990800,6.543,0.6636617053390,5.216,0.41412490413200,3.766,000,0.25351877144000,0.489,0.12432595946700,-1.364,0.07683294520430,111.000000,3,-1.146,0.06422254322570,175.100006,3,-2.915,HHHH ,0.041911829480300,,,,,,,,,,,,,,,,,,,,
 HD 278937,03 40 46,+32 31 53,         A6,     null ,0.4829025137240,10.66,0.410423474594,10.4,0.3100007095340,10.4,0.2322822217910,     null ,0.1484510440020,12.920,0.0873241435306,2.014,0.05449026556310,1.004,000,0.03335782282870,9.067,0.01635872288800,7.704,0.01010962525170,0.535900,3,4.16,0.00845035736946,1.551000,3,1.438,0hhh ,0.005514729241900,,,,,,,,,,,,,,,,,,,,
 HD 275877,03 49 36,+38 58 55,    A2II+B6,12.12,-1.8833151245300,9.4700003,-1.600647574200,9.8000002,-1.2089997634900,8.6999998,-0.9058984143320,8.3999996,-0.5789576332200,12.272,0.3405633136590,1.789,-0.21251150772300,1.419,000,-0.13009518581800,9.940,-0.06379886075860,9.25,-0.03942744052640,      null|, null,4.9,-0.03295631186280,      null|,null,2.169,hhdd ,-0.021507390609500,,,,,,,,,,,,,,,,,,,,
 V892 Tau   ,04 18 40,+28 19 15,       A0Ve,     null ,9.2234207698700,16.6,7.839073710370,14.69,5.9210024833700,14.35,4.4365821424700,     null ,2.8354096399200,9.139,1.6678880234800,8.409,1.04076212665000,7.589,000,0.63713322497100,6.591,0.31245102306500,5.963,0.19309348133900,0.382700,3,5.194,0.16140152403300,0.641300,3,2.244,0000,0.105331131614000,,,,,,,,,,,,,,,,,,,,
 HD 31648 ,04 58 46,+29 50 36,      A5Vep,7.8400002,0.0965818474944,7.7800002,0.082085837834,7.6199999,0.0620010051727,7.7600002,0.0464570911998,7.4299998,0.0296906221954,7.654,0.0174650718796,6.917,0.01089820485290,6.092,000,0.00667165745802,4.971,0.00327179013211,4.122,0.00202195320285,4.302000,3,2.574,0.00169009500579,3.404000,3,0.969,0000,0.001102961205370,,,,,,,,,,,,,,,,,,,,
 V1012 Ori  ,05 11 36,-02 22 48,        A3e,     null ,99.9900000000000,12.61,99.990000000000,     null ,99.9900000000000,12.5,99.9900000000000,     null ,99.9900000000000,8.742,99.9900000000000,7.016,99.99000000000000,5.787,0dd ,99.99000000000000,5.144,99.99000000000000,4.104,99.99000000000000,17.350000,3,-0.21,99.99000000000000,61.650002,3,-2.51,HHHH ,99.990000000000000,,,,,,,,,,,,,,,,,,,,
 HD 34282 ,05 16 00,-09 48 35,         A0,10.19,1.5452830333400,10.16,1.313350860170,9.8400002,0.9919990539550,9.7700005,0.7433006995830,9.6300001,0.4750418004860,6.865,0.2794363532270,6.262,0.17436828441400,5.527,000,0.10674468693300,4.868,0.05234774350440,3.926,0.03235069590850,9.118000,3,1.665,0.02704105590180,8.070000,3,0.056,0000,0.017647076353500,,,,,,,,,,,,,,,,,,,,
 HD 287841,05 24 42,+01 43 48,          A,10.55,0.6760606823450,10.45,0.574590453349,10.17,0.4339991722110,9.9899998,0.3251937459380,9.8000002,0.2078305895090,10.558,0.1222532879470,9.676,0.07628605167870,8.833,000,0.04670075599560,7.936,0.02290211594200,7.277,0.01415341596220,0.294400,3,5.152,0.01183045067460,0.872200,3,2.087,0000,0.007720588541720,,,,,,,,,,,,,,,,,,,,
 HD 35929 ,05 27 42,-08 19 38,      F2III,     null ,0.4346138465770,8.5500002,0.369382473583,8.1099997,0.2790016555790,8.1000004,0.2090547616450,     null ,0.1336064266150,9.256,0.0785920156559,8.475,0.04904141776930,7.678,000,0.03002214998060,6.790,0.01472290426620,6.271,0.00909869589251,0.735600,3,4.428,0.00760534935503,      null ,0,1.946,0000,0.004963274409510,,,,,,,,,,,,,,,,,,,,
 HD 36112   ,05 30 27,+25 19 57,       A8Ve,     null ,0.3380273016700,8.5699997,0.287292643372,8.2700005,0.2169976348880,8.3000002,0.1625954109300,     null ,0.1039143603690,15.893,0.0611260943346,5.764,0.03814268286480,3.096,cc0 ,0.02335016803580,7.310,0.01145095500530,6.754,0.00707664434873,      null ,0,5.175,0.00591517214876,0.589600,3,2.233,0000,0.003860259559850,,,,,,,,,,,,,,,,,,,,
 HD 244604 ,05 31 57,+11 17 41,     A0Vesh,     null ,0.8692194036030,9.6099997,0.738757901796,9.4300003,0.5579979896550,9.3999996,0.4181055359100,     null ,0.2672103049050,7.211,0.1571825322970,6.974,0.09808190015340,6.673,000,0.06004372733750,6.150,0.02944552771690,5.467,0.01819721824220,      null ,0,4.213,0.01521055365040,0.468600,3,3.391,0000,0.009926454152640,,,,,,,,,,,,,,,,,,,,
 HD 37258  ,05 36 59,-06 09 16,        A3V,     null ,0.3380302490660,9.9300003,0.287295148393,9.7700005,0.2169995269780,9.6999998,0.1625968286650,     null ,0.1039152664400,7.221,0.0611266273176,6.560,0.03814301544620,5.804,000,0.02335037163530,4.684,0.01145105485080,3.865,0.00707670605284,4.686000,3,2.163,0.00591522372553,6.302000,3,-0.181,0000,0.003860293219010,,,,,,,,,,,,,,,,,,,,
 HD 37357 ,05 37 47,-06 42 30,        A0e,     null ,0.4828986452670,8.9499998,0.410420186755,8.8500004,0.3099982261660,     null ,0.2322803610140,     null ,0.1484498547840,8.613,0.0873234439904,7.956,0.05448982905000,7.123,000,0.03335755560430,6.540,0.01635859184080,5.773,0.01010954426510,      null ,0,3.405,0.00845028967495,1.448000,3,1.598,0000,0.005514685064260,,,,,,,,,,,,,,,,,,,,
 V1787 Ori   ,05 38 09,-06 49 16,        A5e,     null ,6.6157504010500,15.26,5.622789671780,13.75,4.2470007095300,     null ,3.1822596865800,     null ,2.0337749876600,8.953,1.1963382280400,8.406,0.74651505429500,7.690,000,0.45700120311000,6.692,0.22411402805200,6.036,0.13850157208300,1.749000,3,3.56,0.11576965032700,1.622000,3,1.946,0000,0.075551630312300,,,,,,,,,,,,,,,,,,,,
 HD 37411 ,05 38 14,-05 25 13,       B9Ve,10.03,0.8692219825740,9.9099998,0.738760093689,9.79,0.5579996452330,9.6000004,0.4181067764280,9.4499998,0.2672110977170,8.405,0.1571829986570,7.947,0.09808219116210,7.368,000,0.06004390548710,6.647,0.02944561508170,5.952,0.01819727223330,1.513000,3,3.416,0.01521059878010,1.671000,3,1.494,0000,0.009926483604400,,,,,,,,,,,,,,,,,,,,
 V883 Ori       ,05 38 18, -07 02 2,           ,     null ,99.9900000000000,14.8,99.990000000000,     null ,99.9900000000000,     null ,99.9900000000000,14.8,99.9900000000000,9.938,99.9900000000000,8.969,99.99000000000000,7.978,000,99.99000000000000,6.489,99.99000000000000,5.668,99.99000000000000,2.027000,3,3.095,99.99000000000000,2.493000,3,1.343,0000,99.990000000000000,,,,,,,,,,,,,,,,,,,,
 V599 Ori   ,05 38 58,-07 16 45,         A5,     null ,99.9900000000000,15.1,99.990000000000,     null ,99.9900000000000,     null ,99.9900000000000,     null ,99.9900000000000,12.618,99.9900000000000,1.941,99.99000000000000,1.701,ccc ,99.99000000000000,6.489,99.99000000000000,5.876,99.99000000000000,0.666200,3,4.211,99.99000000000000,      null ,0,1.503,0000,99.990000000000000,,,,,,,,,,,,,,,,,,,,
 V350 Ori   ,05 40 11,-09 42 11,        A7V,12.74,2.2696358828700,12.08,1.928985289240,11.42,1.4569995269800,11.38,1.0917235892300,10.96,0.6977180833410,13.208,0.4104224019660,1.299,0.25610357882600,9.927,c00 ,0.15678135755100,3.772,0.07688579663470,1.483,0.04751511450350,27.660000,3,-0.146,0.03971657583820,60.560001,3,-2.435,HHHH ,0.025919159697900,,,,,,,,,,,,,,,,,,,,
 HD 37806     ,05 41 02,-02 43 00,      A2Vpe,7.6700001,-0.1448717120210,7.9299998,-0.123127856510,7.9000001,-0.0930008277893,7.9000001,-0.0696851273013,     null ,-0.0445356076738,9.624,0.0261974162787,8.595,-0.01634718775790,7.589,000,0.01000741301850,6.693,-0.00490764931620,6.019,0.00303290762935,0.674600,3,4.302,0.00253512397329,1.950000,3,1.047,0000,-0.001654429711800,,,,,,,,,,,,,,,,,,,,
 HD 52721 ,07 01 49,-11 18 03,      B2Vne,5.8800001,1.3521236673400,6.6500001,1.149182863750,6.5900002,0.8679998226170,     null ,0.6503885994820,     null ,0.4156618868870,10.017,0.2445069922860,9.236,0.15257236318700,8.371,000,0.09340167105340,7.392,0.04580430988820,6.809,0.02830688013070,0.556300,3,4.324,0.02366094164360,1.008000,3,2.132,0000,0.015441203379700,,,,,,,,,,,,,,,,,,,,
 NX Pup     ,07 19 28,-44 35 11, A1e/F2IIIe,     null ,2.1730587327900,10.47,1.846903443780,9.9899998,1.3950015373200,10,1.0452687575400,     null ,0.6680289051970,7.115,0.3929581795280,6.252,0.24520590402500,5.400,000,0.15011002458000,4.576,0.07361416563140,3.522,0.04549325964160,8.745000,3,1.377,0.03802656303290,8.340000,3,0.026,HHHH ,0.024816252136800,,,,,,,,,,,,,,,,,,,,
 V388 Vel,08 42 16, -40 44 1,         Ae,     null ,12.3622797406000,16.940001,10.506820032700,14.24,7.9360023651100,     null ,5.9464130397700,     null ,3.8003391607600,6.243,2.2354936239800,6.156,1.39494802136000,6.038,000,0.85395856435900,6.040,0.41878247222400,5.631,0.25880589121500,0.115900,3,5.071,0.21632871799200,      null ,0,2.483,0000,0.141176787539000,,,,,,,,,,,,,,,,,,,,
 HD 76534 ,08 55 08,-43 27 59,      B2Vne,7.04,1.6418642361000,7.6199999,1.395436150030,7.5,1.0539996452300,     null ,0.7897574806540,     null ,0.5047322244780,15.537,0.2969013085160,4.593,0.18526641651400,1.969,cc0 ,0.11341629985300,4.587,0.05561951179530,3.503,0.03437263561360,5.197000,3,2.011,0.02873113962510,4.652000,3,0.597,0h0h ,0.018750030195900,,,,,,,,,,,,,,,,,,,,
 HD 85567 ,09 50 28,-60 58 02,       B2Ve,8.1599998,1.5452863491600,8.6700001,1.313353678310,8.5699997,0.9920011825560,     null ,0.7433022945350,     null ,0.4750428198160,11.552,0.2794369528330,0.066,0.17436865856800,8.824,000,0.10674491598200,6.724,0.05234785583060,5.796,0.03235076532560,3.775000,3,2.239,0.02704111392560,6.730000,3,-0.388,hhhh ,0.017647114220100,,,,,,,,,,,,,,,,,,,,
 HD 94509 ,10 53 27,-58 25 24,        B8e,     null ,0.4828979084180,9.1499996,0.410419560500,9.1400003,0.3099977531430,     null ,0.2322800065810,     null ,0.1484496282660,7.818,0.0873233107446,7.858,0.05448974590460,7.804,000,0.03335750470440,7.270,0.01635856687950,7.138,0.01010952883900,0.117900,3,6.28,0.00845027678075,      null ,0,4.283,0000,0.005514676649470,,,,,,,,,,,,,,,,,,,,
 HD 95881 ,11 01 57,-71 30 48,A1/A2III/IV,     null ,0.5311932072060,8.3699999,0.451466197806,8.2299995,0.3410010643010,8.1999998,0.2555106566310,     null ,0.1632962843130,7.472,0.0960566378311,6.680,0.05993934200660,5.774,ss0 ,0.03669363565150,4.603,0.01799461015370,3.599,0.01112059703250,5.968000,3,1.791,0.00929540084292,5.179000,3,0.46,hhp0 ,0.006066207214970,,,,,,,,,,,,,,,,,,,,
 HD 97048 ,11 08 03,-77 39 17,      A0Vep,9.0299997,-1.1589622750100,8.7600002,0.985013145124,9,-0.7439992904660,8.5,-0.5574755246870,8.6400003,-0.3562813503640,13.923,-0.2095772649200,3.537,-0.13077621331000,3.433,ccc ,0.08005851519950,8.549,-0.03926080762830,8.382,-0.02426302193140,      null|, null,7.616,-0.02028079192630,      null|,null,6.05,dddd ,-0.013235307265100,,,,,,,,,,,,,,,,,,,,
 HD 98922 ,11 22 31,-53 22 11,      A2III,     null ,0.0965804659024,6.8000002,0.082084663606,6.7600002,-0.0620001182556,     null ,-0.0464564266366,     null ,-0.0296901974745,7.384,0.0174648220438,6.662,-0.01089804895540,5.734,000,0.00667156202075,4.506,0.00327174332954,3.469,0.00202192427904,6.310000,3,1.693,0.00169007082918,5.074000,3,0.523,0h00 ,0.001102945427640,,,,,,,,,,,,,,,,,,,,
 HD 100546,11 33 25,-70 11 41,      B9Vne,     null ,2.2696358828700,6.71,1.928985289240,6.3000002,1.4569995269800,6.6999998,1.0917235892300,6.6399999,0.6977180833410,7.267,0.4104224019660,6.665,0.25610357882600,5.941,000,0.15678135755100,4.474,0.07688579663470,4.467,0.04751511450350,6.046000,3,1.34,0.03971657583820,17.180000,3,-1.32,hhhd ,0.025919159697900,,,,,,,,,,,,,,,,,,,,
 HD 101412,11 39 44,-60 10 27,      B9.5V,     null ,0.8547357140120,9.4650002,0.726448075200,9.2880001,0.5487001419070,9.3000002,0.4111386978790,     null ,0.2627578144340,6.004,0.1545634202550,5.226,0.09644757423940,4.280,dd0 ,0.05904322653760,2.479,0.02895488072780,0.824,0.01789400036720,26.580000,3,0.06,0.01495710217810,21.530001,3,-1.06,HHHH ,0.009761050941340,,,,,,,,,,,,,,,,,,,,
 HD 104237,12 00 05,-78 11 34,      A4IVe,     null ,0.4346114518180,6.8099999,0.369380438254,6.5999999,0.2790001182560,6.5999999,0.2090536097350,     null ,0.1336056904320,6.425,0.0785915826072,5.962,0.04904114754690,5.418,000,0.03002198455600,4.203,0.01472282314170,3.455,0.00909864575792,38.470001,3,-0.397,0.00760530744890,158.500000,3,-3.227,HHHH ,0.004963247061440,,,,,,,,,,,,,,,,,,,,
 Hen 3-847   ,13 01 17,-48 53 18,        B5e,     null ,1.0140914840500,10.65,0.861886071433,10.58,0.6509990539550,10.6,0.4877908404280,     null ,0.3117460258380,8.635,0.1833800151990,8.217,0.11442912948400,7.466,000,0.07005116580590,6.126,0.03435318951380,4.994,0.02123013358460,2.344000,3,2.869,0.01774568407080,2.510000,3,1.325,0h00 ,0.011580888071800,,,,,,,,,,,,,,,,,,,,
 CPD-61 3587B ,13 19 04, -62 34 1,           ,     null ,99.9900000000000,     null ,99.990000000000,15.17,99.9900000000000,     null ,99.9900000000000,     null ,99.9900000000000,5.813,99.9900000000000,5.246,99.99000000000000,4.585,000,99.99000000000000,3.803,99.99000000000000,2.848,99.99000000000000,13.479999,3,0.927,99.99000000000000,13.000000,3,-0.518,hhhh ,99.990000000000000,,,,,,,,,,,,,,,,,,,,
 HD 130437,14 50 50,-60 17 10,       B1Ve,10.2,3.9597935756300,10.54,3.365466510930,9.9799995,2.5420013008100,     null ,1.9047108338500,     null ,1.2172963975700,10.177,0.7160567044540,9.424,0.44681938357900,7.805,000,0.27353366110100,5.221,0.13414128930100,3.299,0.08289877974550,26.820000,3,0.137,0.06929280729000,34.500000,3,-1.665,0000,0.045220699422400,,,,,,,,,,,,,,,,,,,,
 SS73 44    ,15 03 23,-63 22 58,          A,     null ,4.7807244963000,13.88,4.063183568280,12.75,3.0690003547700,     null ,2.2995889982200,     null ,1.4696621417200,11.682,0.8645071421880,3.702,0.53945245672500,2.918,0pc ,0.33024172831600,8.644,0.16195100463600,8.461,0.10008507248500,      null|, null,5.006,0.08365835614950,      null|,null,1.118,hhdd ,0.054595700846300,,,,,,,,,,,,,,,,,,,,
 HD 132947,15 04 56,-63 07 52,        B9V,     null ,0.5794837164760,9,0.492508764455,8.9399996,0.3720013008120,     null ,0.2787390028620,     null ,0.1781414679940,7.943,0.1047890988200,7.620,0.06538839766380,7.276,000,0.04002943574930,6.747,0.01963049117900,6.434,0.01213156495680,0.282500,3,5.653,0.01014044109280,      null ,0,4.395,hhdp ,0.006617683084330,,,,,,,,,,,,,,,,,,,,
 HD 141569,15 49 57,-03 55 16,       A0Ve,7.2199998,0.3863207583360,7.1999998,0.328337715041,7.1199999,0.2479997634890,7,0.1858251748960,7.04,0.1187604501210,9.750,0.0698590883067,8.747,0.04359207110340,7.822,000,0.02668617173320,6.483,0.01308693587610,5.446,0.00808767397713,1.715000,3,2.95,0.00676026397544,3.733000,3,0.609,0h00 ,0.004411769088380,,,,,,,,,,,,,,,,,,,,
 HD 142666,15 56 40,-22 01 40,       A8Ve,9.4099998,1.5452854281000,9.3699999,1.313352895490,8.8199997,0.9920005912780,8.3100004,0.7433018514930,8.0100002,0.4750425366680,8.136,0.2794367862760,6.879,0.17436855463600,6.236,ddd ,0.10674485235700,5.955,0.05234782462890,5.724,0.03235074604310,0.512000,3,4.653,0.02704109780790,0.358800,3,3.567,hh00 ,0.017647103701600,,,,,,,,,,,,,,,,,,,,
 HD 144432,16 06 57,-27 43 09, FOIIIe+K7V,8.4700003,0.1448711593840,8.5299997,0.123127386818,8.1899996,0.0930004730225,7.8200002,0.0696848614760,7.5300002,0.0445354377854,6.872,0.0261973163444,6.861,0.01634712539890,6.821,000,0.01000737484350,6.061,0.00490763059517,6.095,0.00303289605983,0.517800,3,4.701,0.00253511430264,0.865500,3,1.861,0000,0.001654423400710,,,,,,,,,,,,,,,,,,,,
 HD 144668,16 08 34,-39 06 18,      A7IVe,7.6599998,0.8209307364560,7.4099998,0.697716900785,7.0500002,0.5269989356990,6.9200001,0.3948780757640,     null ,0.2523656875180,7.351,0.1484504044220,6.739,0.09263305235960,6.077,000,0.05670805448940,5.221,0.02780970909510,4.373,0.01718628888300,5.152000,3,1.601,0.01436554563600,6.578000,3,-0.062,0000,0.009374999320240,,,,,,,,,,,,,,,,,,,,
 Hen 3-1191  ,16 27 15,-48 39 26,       B[e],     null ,5.0221774110700,14.6,4.268396714650,13.7,3.2240017738300,     null ,2.4157309065900,     null ,1.5438881733900,7.095,0.9081695137560,6.538,0.56669777658400,5.888,000,0.34692075425500,5.359,0.17013042224300,4.571,0.10513991981900,      null ,0,1.792,0.08788356384620,7.326000,3,0.051,0hp0 ,0.057353084400500,,,,,,,,,,,,,,,,,,,,
 V921 Sco   ,16 59 06,-42 42 08,      B0IVe,12.16,7.6298409640400,12.28,6.484674960390,11,4.8979991722100,     null ,3.6700500839700,     null ,2.3455207303500,5.907,1.3797180766800,5.220,0.86094407984800,4.386,000,0.52705230529100,2.438,0.25846718636400,1.104,0.15973168638500,16.820000,3,0.706,0.13351531828000,      null ,0,-0.552,HHHH ,0.087132507865700,,,,,,,,,,,,,,,,,,,,
 MWC 300       ,18 29 25,-06 04 37,      B1Iae,12.55,6.4225872587000,12.67,5.458618465800,11.6,4.1229990539600,     null ,3.0893457700100,     null ,1.9743939131600,14.010,1.1614081842100,2.477,0.72471870694900,1.294,cc0 ,0.44365792636900,4.146,0.21757046650900,2.711,0.13445767724700,19.709999,3,0.56,0.11238946998600,14.840000,3,-0.655,HHHH ,0.073345714212700,,,,,,,,,,,,,,,,,,,,
 HD 179218,19 11 11,+15 47 15,       A0Ve,7.5500002,0.4152950454770,7.4759998,0.352963239374,7.3899999,0.2665998935700,7.25,0.1997621737740,7.21,0.1276675546670,12.549,0.0750985615690,0.322,0.04686150241910,9.321,c00 ,0.02868765051940,-0.125,0.01406846386720,-0.968,0.00869425434604,131.899994,3,-1.622,0.00726728780303,136.500000,3,-4.511,HHHH ,0.004742654399630,,,,,,,,,,,,,,,,,,,,
 Par 21     ,05 28 56,-06 21 26,         F8,     null ,-2.0281840733700,12.33,-1.723773082250,12.23,-1.3019988174400,     null ,-0.9755822125070,     null ,-0.6234923914520,9.309,0.3667602302660,8.159,-0.22885838368600,6.208,000,-0.14010240796200,3.506,-0.06870641646970,-0.09,-0.04246029030820,77.559998,3,-0.765,-0.03549138748280,95.940002,3,-2.693,HHHH ,-0.023161788765800,,,,,,,,,,,,,,,,,,,,
 HD 190073,20 03 02,+05 44 16,      A2IVe,7.9099998,0.3380315385520,7.8600001,0.287296244339,7.73,0.2170003547670,7.8000002,0.1625974489240,7.6500001,0.1039156628460,6.994,0.0611268604977,6.645,0.03814316095060,5.995,000,0.02335046071010,4.841,0.01145109853320,3.872,0.00707673304839,14.740000,3,0.299,0.00591524629036,27.879999,3,-1.614,hhhh ,0.003860307944900,,,,,,,,,,,,,,,,,,,,
 Par 22     ,05 28 56,-06 31.6 ,           ,     null ,99.9900000000000,13.5,99.990000000000,13.3,99.9900000000000,     null ,99.9900000000000,     null ,99.9900000000000,14.021,99.9900000000000,3.365,99.99000000000000,3.270,ccc ,99.99000000000000,12.799,99.99000000000000,12.815,99.99000000000000,      null|, null,11.985,99.99000000000000,      null|,null,8.173,dd00 ,99.990000000000000,,,,,,,,,,,,,,,,,,,,
 PV Cep     ,20 45 53,+67 57 38,         A5,     null ,8.0644601527700,19.27,6.854061974320,17.459999,5.1770042572000,15.98,3.8791074152600,14.6,2.4791287992200,7.194,1.4583110583700,6.647,0.90998610042100,5.855,000,0.55707482429600,4.724,0.27319027160000,3.705,0.16883049411600,5.734000,3,1.746,0.14112076111800,4.457000,3,0.596,0h00 ,0.092095843282400,,,,,,,,,,,,,,,,,,,,
 HD 203024  ,21 16 03,+68 54 52,          A,     null ,0.0965841501478,9.0200005,0.082087794882,8.8599997,0.0620024833679,     null ,0.0464581988053,     null ,0.0296913300635,11.712,0.0174654882727,1.385,0.01089846468210,1.338,000,0.00667181652015,11.256,0.00327186813640,11.325,0.00202200140919,      null|, null,11.398,0.00169013530014,      null|,null,8.912,0000,0.001102987501590,,,,,,,,,,,,,,,,,,,,
 V373 Cep     ,21 43 06,+66 06 54,       B5Ve,13.65,4.9255949188300,13.61,4.186310328850,12.73,3.1620003547700,11.98,2.3692735052600,11.2,1.5141973529900,12.453,0.8907043252860,9.497,0.55579949897900,7.291,000,0.34024905225900,5.344,0.16685861027000,3.61,0.10311795311900,9.405000,3,0.785,0.08619345755800,20.650000,3,-1.225,HHHH ,0.056250115832200,,,,,,,,,,,,,,,,,,,,
 V375 Lac   ,22 34 41,+40 40 04,       A7Ve,     null ,6.6157513221100,14.5,5.622790454600,12.94,4.2470013008100,9.5,3.1822601296200,     null ,2.0337752708100,8.377,1.1963383945900,8.209,0.74651515822700,8.120,000,0.45700126673500,7.607,0.22411405925400,6.847,0.13850159136500,2.118000,3,2.408,0.11576966644500,6.987000,3,-0.055,0000,0.075551640830800,,,,,,,,,,,,,,,,,,,,
 HD 216629,22 53 15,+62 08 44,   B3IVe+A3,9.8299999,3.7183404766500,9.8900003,3.160253208000,9.3100004,2.3869997634900,     null ,1.7885688368700,     null ,1.1430703092800,13.815,0.6723942995740,0.676,0.41957404293400,9.664,c00 ,0.25685462243700,4.688,0.12596186545300,2.903,0.07784392855460,5.844000,3,1.32,0.06506759636980,18.719999,3,-1.749,hhdh ,0.042463313764400,,,,,,,,,,,,,,,,,,,,
 BHJ 71     ,23 05 07,+62 15 36,      B5Vep,10.09,3.5734722646600,11.5,3.037128326200,10.9,2.2940011825600,     null ,1.7188853931300,     null ,1.0985357775600,11.294,0.6461975162130,0.307,0.40322725011700,8.921,000,0.24684745119300,6.547,0.12105433470400,5.031,0.07481109419890,2.371000,3,2.233,0.06253253364390,10.220000,3,-0.655,0000,0.040808924022900,,,,,,,,,,,,,,,,,,,,
,,,,,,,,,,,,,,14.019,,3.505,,3.075,ccc ,,5.834,,5.082,,1.939000,3,2.933,,1.988000,3,1.355,ddhh ,,,,,,,,,,,,,,,,,,,,,
,,,,,,,,,,,,,,7.939,,7.520,,7.091,000,,6.970,,6.623,,0.322700,3,5.581,,0.227400,3,3.904,000d ,,,,,,,,,,,,,,,,,,,,,
